customer,date,billing
sW2Tg,2018-11-04,20.07
jL2H_,2018-11-02,24.82
ows9Y,2018-12-20,12.41
bNtuI,2018-11-02,21.42
Bg9db,2018-11-02,14.11
z0AH5,2018-11-06,23.36
1sw87,2018-11-02,39.01
F_q7l,2018-11-02,4.23
Gm~mF,2018-11-02,21.88
RLcup,2018-11-03,12.27
rfNmu,2018-11-03,18.39
xbPBf,2018-11-30,14.22
SWjY4,2018-11-02,25.37
_TmrR,2018-11-04,35.13
Mf4ZC,2018-11-03,22.64
DdAnk,2018-11-02,22.76
4vCO5,2018-11-04,23.58
v4Usx,2018-11-10,6.7
9ugyo,2018-11-11,10.73
_TPjG,2018-11-02,37.8
my23F,2018-11-02,24.08
lQvZU,2018-11-15,40.11
pjgwl,2018-11-02,37.56
D3Wyh,2018-11-02,10.27
jRdYv,2018-11-06,13.98
a7Cwa,2018-11-02,23.69
vdPy8,2018-11-02,7.58
uSYev,2018-11-02,57.18
EoRYR,2018-11-06,10.1
y_ZOx,2018-11-19,15.9
yL0Sv,2018-11-12,61.63
aqcfg,2018-11-02,10.56
4ipD9,2018-11-06,5.14
NuD7j,2018-11-07,10.64
Lf6FF,2018-11-07,12.53
3ZTnE,2018-11-02,9.85
J_T8J,2018-11-09,14.36
Cfrk3,2018-11-02,18.33
4XB5L,2018-11-02,15.48
pSiFC,2018-11-13,17.03
44MSY,2018-11-22,28.32
ITQ3q,2018-11-04,26.04
bFIug,2018-11-02,15.96
TzlzL,2018-11-07,4.76
eInwb,2018-11-03,18.23
nOgqC,2018-11-02,12.44
_q8H3,2018-11-02,48.52
PXTiD,2018-11-02,11.77
g~9Lo,2018-11-03,70.03
~nHKY,2018-11-02,23.43
SEDXD,2018-11-07,18.52
C4~Wf,2018-11-08,20.82
0rhv5,2018-11-02,40.08
gemZB,2018-11-02,32.69
~TW~y,2018-11-02,8.55
oSYDx,2018-11-02,57.49
nOuJp,2018-11-07,35.49
BTltu,2018-11-02,11.99
iFC7x,2018-11-02,51.51
v4b~F,2018-11-14,11.55
5Zgtj,2018-11-09,49.69
ekfDA,2018-11-06,26.1
3Bvbj,2018-11-02,32.8
D7w5Y,2018-11-12,21.21
7arD1,2018-11-02,20.57
8LWb5,2018-11-02,37.7
sQ0JY,2018-11-02,16.59
aSO3F,2018-11-02,29.91
xbVB5,2018-11-04,10.5
1MHak,2018-11-09,53.24
8gnU1,2018-11-03,16.36
EQFYq,2018-11-06,32.7
F19wF,2018-11-02,9.75
d5ToH,2018-11-02,12.59
THt18,2018-11-02,9.74
OWkzj,2018-11-06,23.75
Z3A3Y,2018-11-06,27.94
TFwt0,2018-11-04,13.65
Ag2Uo,2018-11-02,21.78
64C3f,2018-11-02,28.17
0dYC~,2018-11-07,7.47
QuRwD,2018-11-02,8.51
T~sqF,2018-11-02,21.25
gNtdi,2018-11-02,16.92
TU9Ee,2018-11-04,27.11
zP1nC,2018-11-04,17.28
xqSqI,2018-11-07,90.01
Cbt37,2018-11-02,34.01
dy7ba,2018-11-02,36.2
jDyZE,2018-11-08,7.82
nZI_S,2018-11-04,16.85
0zGGN,2018-12-02,20.93
RZhjE,2018-11-02,14.43
mpfdb,2018-11-03,27.1
9I2cp,2018-11-13,21.2
jLXxB,2018-11-02,20.68
gIMH7,2018-11-02,16.53
xGT5u,2018-11-06,25.33
hmJiO,2018-11-09,9.56
2Gy_c,2018-11-02,22.16
Vj32_,2018-11-30,37.2
qkA5V,2018-11-02,17.81
R5VQP,2018-11-02,26.74
6pwQu,2018-11-02,43.73
fQUul,2018-11-09,8.23
s24UM,2018-11-08,57.65
eGlal,2018-11-07,32.59
9u2LY,2018-11-02,23.0
6KWn0,2018-11-02,22.3
REzp8,2018-11-07,13.41
Pe2MX,2018-11-07,15.7
kqoUE,2018-11-02,6.56
~Rwpl,2018-11-02,25.86
qQ4Hz,2018-11-15,17.42
0IWbZ,2018-11-02,36.62
5ejVI,2018-11-02,11.16
xwPSt,2018-11-02,21.99
NsW3N,2018-11-07,21.18
uNAUD,2018-11-05,26.46
4Qm1Z,2018-11-02,9.49
M1Xsl,2018-11-06,16.12
qinqg,2018-12-04,20.53
DL4YJ,2018-11-02,18.7
LlRvy,2018-11-02,18.34
7ePWK,2018-11-07,24.56
k_waX,2018-11-02,11.5
0zDWH,2018-11-02,23.66
OwD~~,2018-11-02,16.45
Qsye8,2018-11-02,56.51
sUZOi,2018-11-23,17.27
WEQlG,2018-11-05,14.24
xpkb8,2018-11-11,15.03
Ded2T,2018-11-02,25.43
qtZou,2018-11-05,10.84
Ifz_5,2018-11-02,30.04
Eul__,2018-11-02,52.22
mF79K,2018-11-11,11.41
fdALP,2018-11-04,7.33
5wbVI,2018-11-11,27.89
0ZlQ9,2018-11-14,12.61
DYeM~,2018-11-03,17.25
H9cLm,2018-11-02,26.5
aUspH,2018-11-02,37.44
Gdosi,2018-11-10,25.97
Kosu3,2018-11-07,19.31
uKzKn,2018-11-14,28.0
r1he7,2018-11-02,29.68
ylrg1,2018-11-02,17.64
cvTZe,2018-11-05,12.91
EA2eK,2018-11-03,59.6
MPRkr,2018-11-08,27.34
QmzNZ,2018-11-15,8.81
piZCm,2018-11-02,10.13
5fiZZ,2018-11-02,18.56
xJi18,2018-11-04,8.1
hzS9Y,2018-11-02,26.88
Xmq61,2018-11-02,24.64
NCsZb,2018-11-16,59.88
bNg8Z,2018-11-20,15.29
tQrbX,2018-11-11,10.53
S1nfF,2018-11-30,7.74
QXTC3,2018-11-02,5.55
RGTX6,2018-11-14,24.62
fRecc,2018-11-02,25.42
3W_V8,2018-11-02,19.09
7GEKe,2018-12-17,29.68
bktzH,2018-11-02,16.07
fpcpz,2018-11-07,28.03
g5L2E,2018-11-03,25.69
z6fAY,2018-11-05,9.37
yi6aT,2018-11-04,18.5
02FS0,2018-11-11,19.92
j1wq0,2018-11-10,31.21
inDY6,2018-11-05,23.55
5gQI2,2018-11-09,26.65
flXFm,2018-11-02,24.18
2bA17,2018-11-02,20.81
SFo~G,2018-11-02,13.27
A2hN9,2018-11-05,12.44
ZsGyI,2018-12-02,20.72
LyusC,2018-11-10,36.21
t3Kcj,2018-11-02,9.48
I3rRj,2018-11-02,40.46
kBAQg,2018-11-02,11.92
hVXk6,2018-11-06,16.3
GOiIx,2018-11-18,7.63
swJhA,2018-11-15,6.71
EOZgc,2018-11-07,30.66
ASDMO,2018-11-10,12.53
mI~Yb,2018-11-09,10.3
TwEFu,2018-11-15,16.0
q7Qe7,2018-11-02,12.24
JFObD,2018-11-02,13.61
KqHAg,2018-11-06,30.41
js1p3,2018-11-10,38.49
NdqO0,2018-11-09,38.99
A3YHZ,2018-11-11,15.49
a_2yD,2018-11-05,13.87
vlral,2018-11-08,20.81
OPYO6,2018-12-12,13.16
wddBy,2018-11-06,34.69
VoFPh,2018-11-16,13.06
XGo2U,2018-11-02,20.96
dVb9F,2018-11-02,8.93
o~tON,2018-11-08,12.04
40dbF,2018-11-05,10.09
TfkGD,2018-11-11,14.07
eqDoA,2018-11-07,33.1
sfdFg,2018-11-09,24.49
P399V,2018-11-18,13.48
woyFu,2018-11-02,14.06
TZLrA,2018-11-02,14.32
egEv_,2018-11-02,16.38
l7Ym5,2018-12-21,39.46
puPg_,2018-11-08,12.06
kCUE_,2018-11-02,31.94
V0MO9,2018-11-09,49.93
TBZ7q,2018-11-02,16.9
lT1hO,2018-11-18,31.08
emrkB,2018-11-21,39.04
G5S7W,2018-11-12,17.68
7JpLx,2018-11-02,55.77
V7fNC,2018-11-07,24.25
7D~C8,2018-11-02,40.71
VL1aD,2018-11-02,24.07
bTtIM,2018-11-10,30.8
qKOmZ,2018-12-03,36.23
A1rzd,2018-11-05,7.71
3QIil,2018-12-06,14.47
~a9zT,2018-11-02,6.84
FZpQF,2018-11-02,10.5
7WUyJ,2018-11-03,10.58
hZXaD,2018-11-02,20.06
WsJPI,2018-11-02,23.85
ggpZQ,2018-11-02,21.07
apkMj,2018-11-08,43.33
EzGPC,2018-11-02,36.68
EWN0K,2018-11-04,26.71
xJd07,2018-11-05,15.41
cTwzF,2018-11-02,28.08
jup8f,2018-11-02,19.24
gCpAn,2018-11-29,11.69
NtQtl,2018-11-05,32.72
wLwW_,2018-11-02,49.95
FYsSa,2018-11-06,27.09
DCtQk,2018-11-02,7.43
Xysoe,2018-11-02,20.4
R7ZMC,2018-11-02,18.35
TsNzK,2018-11-28,32.17
8hfa_,2018-11-02,21.45
wGjeJ,2018-11-02,11.82
BwaKd,2018-11-02,30.54
41FAT,2018-11-04,6.16
Y6ajv,2018-11-25,23.45
H65PJ,2018-11-04,21.98
YC1qR,2018-11-02,19.35
TTAXh,2018-11-10,10.15
X2RNz,2018-11-02,33.96
~XGPH,2018-11-03,27.22
VGWHA,2018-11-03,11.9
GZ4j6,2018-11-16,26.7
tCYZ8,2018-11-19,6.12
gRcaV,2018-11-11,7.66
2mbkw,2018-11-02,27.22
nbO0D,2018-11-14,15.23
8MQWv,2018-12-26,9.95
tC1eo,2018-11-12,15.9
tiDBp,2018-11-23,13.41
7TQlg,2018-11-09,19.19
KcaWf,2018-11-02,45.05
PK3BP,2018-11-02,18.23
7qJLe,2018-11-02,14.2
om0b8,2018-11-10,14.36
p_uLi,2018-11-02,15.5
Mv~T6,2018-11-02,17.08
d53gj,2018-11-02,46.63
yOhnD,2018-11-03,38.62
HBfoM,2018-11-02,19.44
7jerz,2018-11-19,31.7
DQYII,2018-11-02,43.13
fioMb,2018-11-02,20.23
e1CQU,2018-11-10,29.37
IF5KB,2018-11-02,8.73
qzCY_,2018-11-02,5.09
QHtRD,2018-11-12,10.2
8beOS,2018-11-02,15.51
hoLgI,2018-11-02,17.2
x9CFo,2018-11-02,23.38
Ljfah,2018-11-04,31.16
E4FrE,2018-11-04,21.41
432Vm,2018-11-02,7.74
ydRED,2018-11-17,5.25
vDTrG,2018-11-02,13.14
zFHSe,2018-11-02,41.16
G5XOW,2018-11-02,18.92
Z6JYg,2018-11-09,18.54
tPmRo,2018-11-02,27.96
IXPP0,2018-11-02,9.19
dnRMX,2018-11-05,22.63
0cnq4,2018-11-02,20.66
hhpNp,2018-12-19,30.76
hOT_L,2018-11-09,25.87
4zARQ,2018-11-02,23.75
HtXId,2018-11-04,19.46
MqSqm,2018-11-17,9.72
ZM0Bq,2018-11-02,11.61
bsgma,2018-11-02,6.86
zdLvS,2018-11-21,17.75
Gr0uX,2018-11-03,12.74
wpiZS,2018-11-02,18.79
qEE_6,2018-11-02,11.14
11JYo,2018-11-02,22.14
4mnSN,2018-12-24,18.63
PyB4X,2018-11-02,18.06
LZkyn,2018-11-13,75.47
P_aJO,2018-11-03,39.58
al8MJ,2018-11-02,9.73
PNesF,2018-11-02,10.56
aCDho,2018-11-04,20.8
M2_Ct,2019-01-20,8.95
JdB5g,2018-11-02,16.51
TcsXr,2018-11-03,12.48
YxXCc,2018-11-08,13.21
9J8hU,2018-11-08,33.08
LK3DH,2018-11-02,4.44
zvMXR,2018-11-02,36.19
ECirm,2018-11-06,49.2
nOgNJ,2018-11-02,15.38
WBR_4,2018-11-21,16.29
3vayJ,2018-11-16,31.92
xI2Zq,2018-11-11,20.69
GI0AR,2018-11-15,49.39
_mSpt,2018-11-02,24.04
e77YF,2018-11-17,29.13
x8xuL,2018-11-13,18.81
g5EuH,2018-11-03,30.02
W19ak,2018-11-18,9.33
naxTG,2018-11-04,20.44
TxAkS,2018-12-13,14.8
N2PXg,2018-11-02,7.96
xtmBb,2018-11-12,20.54
5s2su,2018-11-20,16.09
Z3kKd,2019-01-07,21.35
oT63B,2018-11-02,12.29
MxZ~F,2018-11-05,12.2
TsCsw,2018-11-02,13.02
CuVfe,2018-11-02,11.65
H3Iaq,2018-11-19,12.04
4ys7G,2018-11-12,19.91
V3Vqu,2018-11-02,14.71
3BQeB,2018-11-11,12.07
6v4_~,2018-11-14,30.37
6NIyd,2018-11-22,36.4
cEzhG,2018-11-03,17.03
gCrhb,2018-11-24,30.5
qNVeX,2018-11-02,20.28
bNEmm,2018-11-06,16.44
rm3XM,2018-11-02,38.35
cGbZz,2018-11-08,23.81
9W4i_,2018-11-11,22.94
jYtfl,2018-11-02,18.45
Zgc7M,2018-11-02,45.62
PlETt,2018-11-10,20.65
I5Isn,2018-11-02,35.39
DCO6q,2018-11-11,16.36
NBUvB,2018-11-02,9.66
Ajjgx,2018-11-15,21.84
cgsEG,2018-11-12,65.88
yggQ~,2018-11-02,35.19
K7wI8,2018-11-10,32.92
o_W5E,2018-11-02,7.06
5~_ln,2018-11-11,17.27
DuZKj,2018-11-15,23.66
eHEan,2018-11-02,19.45
bYv02,2018-11-27,11.55
wSUnN,2018-11-05,19.32
A5SJI,2018-11-02,21.35
UZ8Ok,2018-12-02,28.51
W29Gr,2018-11-02,18.72
zqR03,2018-11-16,36.74
kFgCI,2018-11-03,7.71
JH79D,2018-11-02,17.97
yJ0Qf,2018-11-06,6.94
gV36Q,2018-11-11,9.41
0T~q0,2018-11-02,63.32
2lHxB,2018-11-02,10.62
MRaBF,2018-12-24,14.38
0HqnI,2019-01-22,13.79
Vld9v,2018-11-02,3.31
WR3Bq,2018-11-06,26.95
3iavD,2018-11-02,13.32
qlzvZ,2018-11-05,10.84
Yjb6d,2018-11-24,13.71
4g~Ss,2018-11-02,17.8
DHI23,2018-11-12,20.92
QUBAK,2018-11-02,15.13
r9C3R,2018-11-04,19.5
vNTig,2018-11-02,15.66
M7QHZ,2018-11-06,8.38
ZlK9X,2018-11-14,53.65
WqapV,2018-11-02,8.26
WD7JY,2018-11-04,12.71
xIpuT,2018-11-27,27.09
vrxJg,2018-11-25,145.42
W1Ov2,2018-11-02,15.67
LcvMg,2018-11-05,29.72
OLiNy,2018-11-02,16.59
P3rZv,2018-11-02,19.09
A3rYP,2018-11-02,12.19
t58d7,2018-11-16,16.05
~p6mo,2018-11-24,26.53
tv8rj,2018-11-13,13.46
kN0_F,2018-11-16,25.25
oLQdZ,2018-11-06,20.59
4k06e,2018-11-02,26.59
uTjg4,2018-11-02,14.15
Tk2kV,2018-11-02,19.32
qak3c,2018-11-05,25.13
S0vPM,2018-11-20,8.68
16259,2018-11-18,14.07
d_GDy,2018-11-11,36.85
~jAyw,2019-02-09,20.97
qzTcD,2018-11-02,21.1
YD1t~,2018-11-22,38.29
pkYjz,2018-11-02,8.76
r1sA9,2018-11-10,30.66
IeR9V,2018-11-09,24.65
Oawwn,2018-11-12,24.88
vdXmN,2018-11-15,15.2
8PsaM,2018-12-04,22.49
hu1h4,2018-11-30,47.4
9BOMA,2018-11-15,10.23
vRFF5,2018-11-29,18.47
C~V1P,2018-11-09,29.68
NNYBY,2018-11-02,8.62
pXpXQ,2018-12-17,13.37
6qGRU,2018-11-02,17.43
Tnsms,2018-11-06,9.64
6tWF4,2018-11-19,50.87
Y1bYN,2018-11-24,72.75
wQWnD,2018-11-11,159.96
aqERC,2018-11-11,9.36
ZUfwt,2018-11-02,19.09
x6Ilc,2018-11-02,29.64
hMTY2,2018-11-16,37.42
st4m0,2018-11-02,39.21
l5OFG,2018-11-02,16.26
uBiZn,2018-11-06,9.14
yGCTT,2018-12-01,14.0
SiQYz,2018-11-14,38.78
IyXWy,2018-11-02,12.97
5WtJR,2018-11-18,34.21
NEGLd,2018-11-07,16.19
IV2UR,2018-11-02,30.65
U2B8i,2018-11-02,11.2
q5_na,2018-11-05,14.32
1RaAB,2018-12-06,32.42
xLDQH,2018-11-22,7.7
C246n,2018-11-06,12.96
mT9d3,2018-11-19,7.91
1czwE,2018-11-10,34.49
6YTuC,2018-11-02,13.31
dyEXf,2018-11-02,10.76
Ba2XN,2018-11-14,21.38
G9S8r,2018-11-23,17.15
3ACdF,2019-02-09,13.68
A35wJ,2018-11-02,22.33
28Znc,2018-11-02,23.22
6ZVfU,2018-11-02,15.95
JVgLs,2018-11-02,46.95
rYChV,2018-11-11,25.22
ZDTaQ,2018-12-28,29.58
EFB_m,2018-11-23,8.19
b6CHw,2018-11-02,43.84
jZkzY,2018-11-12,44.46
YgBQB,2018-11-02,45.18
5yzwT,2018-12-03,58.66
d07ih,2018-12-31,20.7
gkX2Z,2018-11-02,22.2
DTRDk,2018-12-14,22.87
BFHKl,2018-11-10,25.6
Em1R9,2018-12-10,62.36
R7scg,2018-11-05,12.76
4Ltse,2018-11-10,18.72
~6lia,2018-11-03,13.59
G6y~K,2018-12-08,8.52
Ud6gP,2018-11-02,26.19
mS3PY,2018-11-16,24.45
bt3t_,2018-11-03,28.0
~66fT,2018-11-12,23.13
UevA9,2018-11-06,17.5
TY3q8,2018-11-13,14.4
OIOzk,2018-11-02,16.22
cumDr,2018-11-15,9.26
9hTO3,2019-02-06,49.14
brXAM,2018-11-02,13.84
lQZ4j,2018-11-10,21.14
gE0qd,2018-11-12,37.95
SHaP8,2018-11-21,11.02
jPlTt,2018-11-24,17.54
fCEfv,2018-11-02,8.71
uH_rI,2018-11-09,47.11
WN73F,2018-11-02,12.62
Tlxt4,2018-11-15,8.78
YIEWb,2018-12-11,12.65
Dli0n,2018-11-02,25.25
kIwIl,2018-11-02,25.42
nwIbY,2019-01-09,6.96
l~2Bv,2018-11-02,19.65
x~cII,2018-11-02,41.29
DP0xz,2018-11-21,49.08
1BHMv,2018-11-09,22.28
j45RO,2018-11-02,27.14
q0TIW,2018-12-23,53.79
QcwP8,2018-12-08,23.48
c67xU,2018-11-02,15.55
fnHaM,2018-12-24,11.58
~AbvE,2018-12-13,11.1
u_0qI,2018-11-06,13.05
_~_AH,2018-11-02,11.69
FZJ19,2018-11-09,11.21
g9eyT,2018-12-12,12.28
YCuMp,2018-11-02,65.44
9YdHb,2018-12-16,14.13
jkjMz,2018-11-16,22.75
l8buC,2018-11-08,27.04
eWvjE,2018-11-13,45.12
kKGyC,2018-12-14,17.75
rkVt3,2018-11-02,7.63
z78~x,2018-11-02,20.55
Y6F1M,2018-11-21,30.79
M_pn8,2018-11-25,15.42
1293J,2018-12-03,12.73
gS9UL,2018-11-02,25.15
sSslA,2018-11-20,29.43
CACD3,2018-11-15,15.11
3Phk7,2018-12-24,39.29
_upvn,2018-11-02,7.19
DPsaj,2018-11-02,16.34
eRACn,2018-11-30,32.57
yf2De,2018-11-11,13.91
DFJ4J,2018-11-02,39.89
4657I,2018-11-14,15.01
OEb~D,2018-11-02,16.78
CjEfJ,2018-12-10,8.6
30Jrh,2018-11-02,17.81
bInCX,2018-11-21,102.08
OCWu_,2018-11-21,8.44
RTePA,2018-11-02,10.17
Sjcgw,2018-12-21,29.82
zTTno,2018-11-02,20.15
ql_KM,2018-11-02,41.57
qebaz,2018-11-02,27.03
BOpiq,2018-11-04,23.19
bnNaP,2018-11-02,24.27
1b~lG,2019-01-04,16.9
5zISP,2018-12-25,23.09
yBko0,2019-01-09,47.04
Xp2C1,2018-11-13,18.84
~9Gl_,2018-11-02,7.1
UFvVS,2018-12-28,11.22
gLZpZ,2018-11-02,17.44
hq_mx,2018-11-23,10.34
8m~qD,2018-11-28,14.52
fRr7w,2018-11-27,18.63
~ASFj,2018-11-02,26.41
2n0pE,2018-11-02,27.82
8gkxS,2018-11-16,25.06
~FAxj,2018-11-08,18.41
RAnTG,2018-11-02,36.8
2FZtR,2018-12-02,8.11
xU9kR,2018-11-26,40.15
jyg21,2018-11-02,12.64
I07rR,2018-12-30,24.69
_ym_z,2018-12-05,10.96
_EXSy,2018-11-02,11.06
sMnrE,2018-11-02,20.89
kdxka,2018-11-05,35.11
b51YU,2018-11-14,15.65
4BOB7,2018-11-02,27.68
I6JXt,2018-12-10,10.83
5zEGK,2018-11-02,18.61
o1rdN,2018-11-02,10.22
bjm6f,2018-11-11,26.28
5XGlg,2018-11-18,35.94
pAdmp,2018-11-03,48.58
R7rWx,2019-01-09,15.39
gVbwT,2018-11-03,10.64
5RJSr,2018-11-02,43.97
_AJyg,2018-11-02,19.84
p_TMZ,2018-11-02,24.02
88VoC,2018-11-02,11.06
AdvwJ,2018-11-02,25.79
WLWzk,2018-11-20,9.36
GcpaY,2018-11-02,11.85
KbfET,2018-11-02,27.21
hGiKT,2018-11-04,38.71
u94QE,2018-11-05,34.29
MqCm4,2018-11-27,43.24
y3oh6,2018-11-02,17.97
lZb_g,2018-11-02,19.68
yidfo,2018-12-15,50.6
shHjx,2018-11-02,20.61
RGso~,2018-12-09,12.02
Q3Xo~,2018-11-02,41.13
zDti6,2018-11-13,6.16
RJN64,2018-11-02,27.78
EzFlV,2018-12-16,43.23
CwnSh,2018-12-14,16.23
z0g4y,2018-12-14,22.47
b7pyr,2018-11-02,27.61
_xUJ9,2019-01-13,81.33
1qk7c,2018-11-02,16.65
vUH0h,2018-11-02,19.69
QKrr1,2018-11-02,12.75
ImvyG,2018-11-26,17.64
F8Xl8,2018-11-02,45.13
Lg5DL,2018-11-09,3.06
P_E9d,2018-11-28,40.9
LUbgG,2018-11-21,7.39
7g46B,2018-11-09,13.92
cTyfw,2018-11-27,21.1
31k1b,2018-11-02,175.22
ia2pY,2018-11-02,11.56
d~Fwb,2018-11-02,42.58
uNQRK,2018-11-02,24.34
b_7oM,2018-11-02,16.99
3EJqF,2018-11-19,18.17
526MT,2018-11-02,54.94
9yxto,2018-11-02,53.73
zpIHj,2018-11-16,34.8
wlwwY,2018-11-20,18.49
b50BK,2018-11-02,7.27
l~JTu,2018-11-02,24.35
i4awU,2018-12-16,19.38
4GPV4,2018-11-09,22.67
d08sv,2018-12-13,27.94
A0lKH,2018-12-05,9.32
2RA~w,2018-12-06,32.88
RhiYn,2018-11-07,22.29
kLHmH,2018-11-02,9.46
qDkpx,2018-11-02,15.56
CKgvT,2018-11-11,23.81
zrysj,2018-11-02,8.88
wdBIL,2018-11-29,16.05
8LfQs,2018-11-02,20.74
zSx0r,2018-11-10,24.07
qG9Wr,2018-11-02,16.51
jaNWS,2018-11-02,10.27
8B4my,2019-01-16,13.4
WJ0w_,2019-01-06,14.3
8tR5Y,2018-11-07,32.46
OuiHe,2018-12-31,22.45
qAl3R,2018-11-13,43.68
uoRND,2018-12-10,16.83
UZqdY,2019-01-05,21.0
QVwmD,2018-11-19,36.55
3QY9g,2018-11-17,8.19
hXP2t,2018-11-04,19.67
u7rwL,2018-11-29,14.01
rhoii,2018-11-02,51.16
59ZVx,2018-11-02,54.34
dCs_R,2018-11-02,21.14
qXBYH,2018-11-11,19.17
iwYWU,2018-11-02,26.46
Hb7X6,2018-11-15,25.86
23EeY,2018-11-02,18.98
jXs1a,2018-11-02,20.63
reaZQ,2018-11-02,46.0
F9Q3r,2018-11-16,8.41
4xwaC,2018-11-02,12.93
v95~S,2018-11-12,18.33
iohwE,2018-12-07,23.75
9nvNQ,2018-11-10,22.29
RTNDs,2018-11-10,12.37
Q~BTJ,2018-11-02,8.18
Vb6vX,2018-12-23,19.64
wb4p2,2018-11-02,6.18
iE96A,2018-11-05,42.53
87htN,2018-11-08,17.58
DyPXM,2018-11-10,15.91
KoXZx,2018-11-02,9.38
EpmBF,2018-11-02,22.01
NgJ0D,2018-12-01,10.01
_rAWO,2018-11-03,9.09
qOjDc,2018-12-12,20.21
iERLE,2018-11-02,45.0
B9YRT,2018-11-02,11.32
q1Niy,2018-11-06,13.49
qSfbv,2019-01-22,12.2
7WDNd,2018-11-30,15.96
AW~2s,2018-11-02,46.1
1RrWC,2018-11-03,16.58
aFOcS,2018-11-22,15.87
ERxTi,2018-11-07,14.52
YyYX4,2018-11-23,34.3
~zeko,2018-11-02,16.42
cZjnk,2018-11-12,18.54
bW9Ey,2018-11-02,24.93
hhhlO,2018-11-05,23.02
QCkcd,2018-11-02,33.01
VDrVu,2018-12-23,15.03
lYqdK,2018-11-02,22.23
BVbaD,2018-11-15,24.24
dGq11,2018-11-02,33.3
e6nZC,2018-11-14,7.97
JWq~F,2018-11-02,19.95
wf33a,2018-11-06,40.3
bFnDv,2018-11-05,24.13
GSXC1,2018-11-02,65.65
7EF2k,2018-11-08,13.23
1daX7,2018-11-07,43.02
prfWx,2018-11-02,32.24
n7qyQ,2018-11-04,25.28
cdZeG,2018-11-02,37.3
EiQdX,2018-11-02,16.22
TYQoZ,2018-11-02,28.51
DW5Ij,2018-11-23,16.77
qdYT2,2018-11-12,23.08
StNkA,2018-11-06,19.44
ZS9fz,2018-11-28,42.11
YNFwU,2018-11-02,23.67
jTjY9,2018-11-02,37.11
7MNtn,2018-11-02,12.12
_vfye,2018-12-12,142.12
Hu2L4,2018-11-02,40.41
Yvsbz,2018-11-06,45.17
1RkVQ,2018-11-02,42.65
3ze6h,2018-11-13,23.68
xxHTe,2018-11-02,23.17
zY1KF,2018-11-08,31.84
pScp9,2018-11-02,12.02
hGz9D,2018-11-08,37.85
4rQqK,2018-11-05,19.25
2SQ2E,2018-11-05,72.65
_cFlK,2018-11-02,46.32
sjaxy,2018-11-09,21.81
G2peN,2018-11-02,30.73
3cOgh,2018-11-02,43.86
YdWVD,2018-11-07,41.41
qRvqw,2018-11-04,25.3
3xgvf,2018-11-13,28.27
lF4By,2018-11-02,34.9
fNyeM,2018-11-05,22.04
eAQ03,2018-11-02,33.03
UOOTr,2018-11-12,28.3
HF7~3,2018-11-02,31.29
8H360,2018-11-02,55.2
HGEu6,2018-11-02,22.5
YTPAn,2018-11-05,20.06
nkB51,2018-12-14,16.99
uA_Jt,2018-11-07,17.63
mmZs4,2018-11-02,17.24
CRENj,2018-12-05,25.41
0eVBW,2018-11-02,11.89
UqDaw,2018-11-12,13.78
5hoiI,2018-11-11,16.99
mBN7o,2018-11-08,23.75
Hbelr,2018-11-03,9.21
PeYJt,2018-11-13,56.44
OnWdT,2018-11-05,39.01
t9gET,2018-11-02,18.32
mEURL,2018-11-02,31.79
urA1G,2018-11-02,8.86
6Cw0m,2018-11-11,16.62
BPZdK,2018-11-02,19.14
9_Vqq,2018-11-09,65.61
EQwz_,2018-11-02,15.24
Zdwom,2018-11-02,18.35
uLIcu,2018-11-03,13.66
AQKzT,2018-11-11,44.91
KK4VV,2018-12-18,12.23
p2j4g,2018-11-07,16.65
Zpby~,2018-11-02,11.67
ajRX6,2018-11-06,40.27
pGQ1j,2018-12-23,35.91
64OXJ,2018-11-02,30.05
dRB2M,2018-11-02,32.81
CTI6U,2018-11-13,22.1
mzkZm,2018-11-02,17.74
GgEPo,2018-11-02,41.78
er6ic,2018-11-11,8.31
9UyLv,2018-11-02,16.79
2~qCT,2018-11-05,22.77
tDCf3,2018-11-02,23.67
8yvfG,2018-11-02,35.36
iZqwi,2018-11-07,37.16
fNyJB,2018-11-05,18.4
KnAjT,2018-11-05,50.87
1F244,2018-11-17,39.12
wjT6M,2018-11-02,56.68
9gWxq,2018-11-24,37.17
gC4oo,2018-11-02,39.92
OlXun,2018-11-04,12.28
G02xI,2018-11-02,18.02
KEb48,2018-11-02,10.83
nfV_Q,2018-11-02,64.96
JSlVy,2018-11-02,9.08
MOBZv,2018-11-14,50.17
9_Owp,2018-11-12,18.49
Z5HkJ,2018-11-02,45.41
BHy4L,2018-11-02,63.93
Z7R4W,2018-11-19,66.86
q3WwS,2018-12-14,18.55
X7QK9,2018-11-11,35.44
JV8Z6,2018-11-02,43.75
ZJ2qe,2018-11-05,23.22
0X1pq,2018-11-02,18.17
l9juI,2018-11-04,62.37
27rrR,2018-11-13,9.17
cF8Ev,2018-12-11,11.54
AndiP,2018-11-02,32.06
WFttw,2018-11-02,33.69
jhXvF,2018-11-07,10.85
e__sj,2018-11-02,21.29
O3rEY,2018-11-02,20.8
JyWip,2018-11-02,25.34
MdSAI,2019-01-21,14.82
CMRJW,2018-12-08,42.17
3rnzK,2018-11-05,33.51
Ptk~G,2018-11-02,11.67
QtuTY,2018-11-02,20.92
yYBBn,2018-11-02,18.75
v3JId,2018-11-05,77.26
D918i,2018-12-06,17.87
vc6z3,2018-11-02,17.17
LalN8,2018-11-02,15.05
y1eAn,2018-11-02,12.65
QGR9A,2018-11-02,22.73
LrUJX,2018-11-02,10.55
6Dlgm,2018-12-29,74.78
M6hH_,2018-11-02,15.21
Vc3bO,2018-11-24,14.72
oKKST,2018-11-03,20.22
Up06r,2018-11-02,7.38
1PFE5,2018-11-19,37.21
V3uNC,2018-11-20,19.41
7j9jk,2018-11-08,11.51
CX3tl,2018-11-02,7.64
Q4DEm,2018-11-02,7.17
LBbX1,2018-11-02,13.66
ZHX93,2018-11-30,24.9
5xFuf,2018-11-06,38.38
d5i2K,2018-11-08,9.39
lQHVo,2018-11-02,26.36
iHFRb,2018-11-06,38.38
w6nu_,2018-12-01,44.56
VzUoZ,2018-11-02,12.87
cbMHp,2018-11-02,11.08
YHNWt,2018-11-05,12.72
sV_O3,2018-11-02,25.97
z7aLZ,2018-11-21,20.35
YYcVO,2018-11-02,21.01
knWev,2018-11-19,25.99
a1pMb,2018-11-02,61.97
7Tgsp,2018-11-02,11.17
aGvhw,2018-11-02,28.27
ysAbS,2018-11-02,36.57
_knxz,2018-11-08,9.43
C~~QP,2018-11-08,13.03
O7_Cx,2018-11-12,25.98
GVg9J,2018-11-05,15.26
CVfFd,2018-11-02,16.05
qFGYv,2018-12-13,34.03
HYvOk,2018-11-02,4.29
ZH9uy,2018-11-02,12.72
dDCHC,2018-12-31,15.67
Lajl3,2018-11-02,55.6
VYZzQ,2018-11-12,21.21
s4PA7,2018-12-19,19.45
4fttX,2018-12-08,15.07
LNi6q,2018-11-03,37.19
sW5dV,2018-12-31,11.73
6a2zP,2018-11-07,51.78
SwZjX,2018-11-24,30.8
h9DWG,2018-11-02,13.91
oRv79,2018-11-27,94.49
8AXUX,2018-11-02,17.13
2kb1f,2018-11-29,20.42
Eg~2o,2018-11-02,24.91
s8aOV,2018-11-02,13.46
lWmTj,2018-11-07,11.01
~FhKG,2018-11-27,20.39
i7Dc7,2018-11-02,34.41
rlSid,2018-11-05,18.22
pd2MF,2019-01-05,19.5
Vuhy8,2018-11-27,13.94
eISs5,2018-11-06,31.19
BlveF,2018-11-12,23.28
CDoOY,2018-11-09,24.99
45vIi,2018-11-02,29.14
p0jWn,2018-11-05,6.97
X5~Tt,2018-11-05,13.66
F5Pzb,2018-11-02,5.79
4U_BX,2018-11-19,18.55
LeP5G,2018-11-02,20.62
C5M91,2018-11-16,3.39
zjERY,2018-11-14,15.48
YCIcK,2018-12-06,11.41
tQBbN,2018-11-05,22.93
aGLPp,2018-11-05,21.35
4wLDy,2018-12-04,16.44
75QkL,2018-11-02,7.6
hJa4v,2018-11-10,18.91
65i97,2018-11-02,16.55
WX~mD,2018-11-02,24.3
nPKy6,2018-11-10,43.52
HVeBK,2018-11-02,18.25
SdzqI,2018-12-01,12.61
9qcgF,2018-11-12,28.12
78oIS,2018-11-25,7.61
ok6Wc,2018-11-02,17.77
fFmv_,2018-11-02,20.14
15FDq,2018-11-16,13.24
IWbMH,2018-11-02,19.22
DKByJ,2018-11-02,14.4
PbSPw,2018-11-02,26.36
7jDRO,2018-11-16,40.35
CIEZc,2018-11-06,8.12
V9Loj,2018-11-02,14.15
jTQ_r,2018-11-27,57.4
hVNK_,2018-11-10,34.32
FAH4r,2018-11-07,62.85
w7MI5,2018-11-02,29.45
QAePV,2018-11-02,12.72
~QE1X,2018-11-04,14.23
DFdP5,2018-11-07,26.42
Uzc2K,2018-11-09,64.24
XV_ri,2018-11-02,28.6
HHDB9,2018-11-09,10.87
albHS,2018-11-18,17.77
85_AB,2018-11-13,16.13
sUrOC,2018-11-02,20.21
T3IMc,2018-11-02,57.63
V0JnH,2018-11-12,15.32
TLIVD,2018-11-06,24.04
zQUcq,2018-11-04,17.48
YL7na,2018-11-02,30.46
enysd,2018-11-13,59.78
d6GDr,2018-11-02,18.18
~jVLC,2018-11-02,41.25
XYShb,2018-11-02,17.63
OoRna,2018-11-17,37.19
srWNQ,2018-12-14,11.27
qQVON,2018-11-02,22.64
obiYj,2018-11-03,35.88
9Ixl1,2018-11-03,10.35
S5awj,2018-11-02,15.32
huWa5,2018-11-04,66.16
hQ8dW,2018-11-02,18.96
HsOmt,2018-11-02,61.65
wToVJ,2018-11-23,12.41
7wEKi,2018-11-12,14.34
ZYNMM,2018-11-02,12.93
~mfZq,2018-12-13,6.35
sQgLq,2018-11-02,45.32
B8NSV,2018-11-04,7.38
VQlVT,2018-11-16,39.0
y9m8C,2018-11-02,18.98
zXnfl,2018-11-02,27.67
_EO~V,2018-11-06,18.2
xrj~g,2018-11-02,29.09
CnwDa,2018-11-07,11.94
vaBD3,2018-11-02,12.14
qKEKU,2018-11-02,31.63
YVAO1,2018-11-02,40.56
yfOn0,2018-11-05,6.6
HHV_8,2018-11-03,0.25
uLTww,2018-11-28,26.54
_kKBr,2018-11-02,16.41
0HMAO,2018-11-02,16.74
LYCBi,2018-11-10,18.25
2xMJX,2018-11-09,22.23
Gs~DY,2018-11-30,28.98
yRg19,2018-11-30,15.41
2aaUD,2018-11-03,24.31
CJm0u,2018-11-02,37.34
iCDpS,2018-12-26,33.58
3Ibxz,2018-11-02,25.7
dhrcA,2018-11-02,23.71
1goHI,2018-11-02,23.6
OvroF,2018-11-05,91.92
B2Rlr,2018-11-08,46.28
~~Z6U,2018-11-02,32.49
g1WSb,2018-12-10,7.82
toQcd,2018-11-02,25.58
13avS,2018-12-30,12.52
fDVzV,2018-11-02,7.86
mvq9L,2018-11-09,8.96
d~VFT,2018-11-02,35.44
cRa5x,2018-11-06,13.62
_KI52,2018-11-18,18.14
SB1MO,2018-11-02,16.74
UNoeY,2018-11-06,16.43
wuSbd,2018-11-11,28.98
U4DSA,2018-11-02,14.76
jNDZ9,2018-11-02,21.37
H7zMR,2018-11-02,12.62
bxVcy,2018-11-02,20.87
b1Gb3,2018-11-09,25.92
Muhyz,2018-11-03,15.18
AYxkJ,2018-11-14,49.08
CXPT5,2018-11-06,9.14
trMnJ,2018-11-02,21.21
mBqag,2018-11-17,42.68
Oy_NP,2018-11-06,18.05
LMmIq,2018-11-23,28.01
ej5CC,2018-11-05,9.1
9rJRe,2018-11-22,12.1
5hFek,2018-11-12,24.19
YrQ60,2018-11-13,20.49
hXqES,2018-11-29,21.0
4g7Bt,2018-11-02,31.52
m0onC,2018-11-02,33.16
PqLEp,2018-11-21,19.46
i0QZC,2018-11-02,20.65
5iSZ4,2018-11-04,16.14
gQe30,2018-11-04,18.17
ZbRJG,2018-11-02,11.13
SRLgf,2018-11-15,5.87
mD9fZ,2018-11-11,8.9
3c4Ye,2018-12-06,9.66
388ho,2018-11-11,5.93
Tn7YM,2018-11-06,50.89
_mBDn,2018-11-18,21.67
bDA3f,2018-11-02,25.89
Gi9zd,2018-12-09,50.99
XLNJf,2018-11-02,31.06
zt9dZ,2018-11-02,23.65
PTICb,2018-11-02,55.41
B_ryf,2018-12-28,12.84
yU6Gj,2018-11-02,54.55
lvQ0q,2018-11-25,18.35
DDDsm,2018-11-02,28.87
rq4R1,2018-11-29,22.72
Ttwqr,2018-12-10,26.97
gL96v,2018-11-21,40.49
CLIh1,2018-11-02,11.17
RXVYz,2018-11-02,15.01
i_SB2,2018-11-11,12.21
sTI2h,2018-12-12,15.01
JG~Fg,2018-11-04,19.57
Zw2RF,2018-11-02,26.45
zrmxj,2018-11-11,39.18
KDl8A,2018-11-02,16.72
~M1ZM,2018-12-19,18.55
BAZKn,2018-11-02,34.7
_Ii34,2018-11-11,17.4
EKKI5,2018-11-02,23.38
lhC4n,2018-11-08,26.62
xXNdS,2018-11-02,40.59
GEt93,2018-11-02,21.85
a5xOU,2018-11-02,16.64
t682s,2018-11-02,21.3
EKG7d,2018-11-02,62.92
l7FQy,2018-11-02,27.44
MYcvo,2018-11-11,33.83
kr6Ta,2018-11-06,10.66
46Ux_,2018-11-17,40.87
9I5iO,2018-11-14,13.27
cbJ4e,2018-12-03,16.64
B5XKU,2018-11-02,14.36
6O~33,2018-11-02,62.95
5ssf5,2018-11-02,13.23
CGJVX,2018-11-02,31.36
5M7LZ,2018-11-16,16.47
9MY~c,2018-11-02,13.78
pUy8~,2018-11-04,32.93
Q9BGg,2018-11-12,12.5
mQHa1,2018-11-06,17.6
tKyTB,2018-11-02,18.91
iHwQm,2018-11-05,83.15
r9eNs,2018-11-02,21.01
7r0Sj,2018-11-05,5.41
APAfN,2018-11-02,1.95
NM2V9,2018-11-02,34.02
KK_5w,2018-11-02,43.96
gfFHc,2018-11-21,43.45
PWGwp,2018-11-02,14.95
D~446,2018-11-02,5.06
IsklD,2018-11-04,47.47
JgB3o,2018-11-18,8.98
Raxo5,2018-11-02,12.1
rTczt,2018-11-02,43.03
Yvfjo,2018-11-02,17.12
khmKq,2018-11-02,16.09
fFz92,2018-12-10,15.35
XfpZX,2018-11-11,27.69
v2g0e,2018-11-08,52.32
Kw4sV,2018-11-02,10.09
8spwt,2018-11-12,5.74
SHhQS,2018-11-02,115.6
OwC2g,2018-11-07,8.33
f7yre,2018-11-02,7.4
Bf74v,2018-11-14,22.38
ckhb3,2018-12-09,9.37
QzFLX,2018-11-02,38.35
w018y,2018-11-12,43.61
guohM,2018-11-02,34.01
kBzxz,2018-11-02,35.6
1_jPm,2018-11-02,41.78
YX4Dm,2018-11-04,22.6
~WU2I,2018-12-01,18.76
Kd3bJ,2018-11-08,5.49
zwntZ,2018-11-14,32.74
Daxhf,2018-11-02,10.46
7SEGm,2018-11-09,62.16
mh4Fa,2018-11-10,21.81
Tiwa8,2018-11-21,6.03
MrHa6,2018-11-02,57.63
8h9Ik,2018-11-02,12.79
TCAfo,2018-11-02,30.11
yqLBz,2018-11-14,9.4
iuanU,2018-11-29,39.87
aEF64,2018-11-06,2.08
D5F0z,2018-11-03,15.1
tZRFl,2018-11-09,29.11
H7tL5,2018-11-02,32.02
Ivs4U,2018-11-07,10.37
bYBoQ,2018-11-20,13.19
Ekmwx,2018-11-02,9.3
O~_DM,2018-11-04,9.72
j_uJe,2018-11-05,20.26
zP70V,2018-11-09,25.89
YObIk,2018-11-12,24.06
XOyv6,2018-11-02,30.65
aV2LP,2018-11-02,17.32
_p0LG,2018-11-02,32.8
aqFNk,2018-11-02,37.13
nnEsU,2018-11-17,38.74
GciUf,2018-11-16,50.04
fNKzK,2018-11-02,14.08
wX_dm,2018-11-08,14.88
zWVc4,2018-11-02,6.83
6xJne,2018-11-02,17.25
h8V8L,2018-11-02,39.61
3div3,2018-11-15,35.46
EKbr8,2018-11-02,20.05
KnHus,2018-11-12,24.93
SuTbw,2018-11-04,22.43
sxaJu,2018-11-02,19.14
6Y0Dz,2018-11-03,21.58
Bwufr,2018-11-02,28.44
nF4DQ,2018-11-02,12.11
80UpJ,2018-11-02,34.87
xpGjp,2018-11-08,13.72
DHVEo,2018-11-02,19.28
fZSLV,2018-11-05,15.42
TyTvO,2018-11-15,29.79
ggVXa,2018-11-13,18.72
sjSYd,2018-11-06,32.67
cpU1Y,2018-11-08,15.11
e~WT8,2018-11-11,35.81
ISEN2,2018-11-11,13.66
_ZGza,2018-11-12,18.62
lkDGI,2018-11-08,40.23
tsYEa,2018-11-02,19.91
pOpFk,2018-11-14,22.44
7Ja9d,2018-11-17,25.49
T2NFh,2018-11-02,22.37
qk4YD,2018-11-02,33.44
65GvP,2018-11-02,15.64
bETJp,2018-11-17,14.43
sT6oB,2018-11-11,11.12
TPjHm,2018-11-02,15.43
3YLbR,2018-11-13,20.18
ERtk8,2018-11-02,24.69
K6J~P,2018-11-15,13.77
d~Lks,2018-11-02,23.67
h26f8,2018-11-08,40.32
Smld~,2018-11-07,27.04
HAKp1,2018-11-06,29.35
8cORj,2018-11-02,16.17
WPIVv,2018-11-02,45.01
RVoCi,2018-11-09,24.08
NAKla,2018-11-08,13.14
zVebS,2018-11-12,14.13
P0UJc,2018-11-09,4.99
QHjUY,2018-11-10,24.35
JN2bF,2018-11-03,23.48
eeEc4,2018-11-04,16.79
nuoy7,2018-11-05,10.25
6cAe5,2018-11-06,10.48
DvxYD,2018-11-05,5.93
ctGd5,2018-11-10,30.76
VqDoF,2018-11-07,30.32
Za7cK,2018-11-13,14.53
zsiIk,2018-11-02,69.79
0vdxA,2018-11-02,0.0
XyqZd,2018-11-02,90.65
